-- phpMyAdmin SQL Dump
-- version 4.2.11
-- http://www.phpmyadmin.net
--
-- Host: 127.0.0.1
-- Generation Time: 16 Jan 2021 pada 12.13
-- Versi Server: 5.6.21
-- PHP Version: 5.5.19

SET SQL_MODE = "NO_AUTO_VALUE_ON_ZERO";
SET time_zone = "+00:00";


/*!40101 SET @OLD_CHARACTER_SET_CLIENT=@@CHARACTER_SET_CLIENT */;
/*!40101 SET @OLD_CHARACTER_SET_RESULTS=@@CHARACTER_SET_RESULTS */;
/*!40101 SET @OLD_COLLATION_CONNECTION=@@COLLATION_CONNECTION */;
/*!40101 SET NAMES utf8 */;

--
-- Database: `dss`
--

-- --------------------------------------------------------

--
-- Struktur dari tabel `tabel_level`
--

CREATE TABLE IF NOT EXISTS `tabel_level` (
`id_level` int(11) NOT NULL,
  `nama_level` varchar(50) NOT NULL
) ENGINE=InnoDB AUTO_INCREMENT=4 DEFAULT CHARSET=latin1;

--
-- Dumping data untuk tabel `tabel_level`
--

INSERT INTO `tabel_level` (`id_level`, `nama_level`) VALUES
(1, 'Admin'),
(2, 'Pimpinan'),
(3, 'Karyawan');

-- --------------------------------------------------------

--
-- Struktur dari tabel `tb_divisi`
--

CREATE TABLE IF NOT EXISTS `tb_divisi` (
  `kode_divisi` varchar(10) NOT NULL,
  `nama_divisi` varchar(50) NOT NULL
) ENGINE=InnoDB DEFAULT CHARSET=latin1;

--
-- Dumping data untuk tabel `tb_divisi`
--

INSERT INTO `tb_divisi` (`kode_divisi`, `nama_divisi`) VALUES
('D001', 'Investasi & Perjanjian I'),
('D002', 'Perencanaan Teknis'),
('D003', 'Keamanan Sistem');

-- --------------------------------------------------------

--
-- Struktur dari tabel `tb_kariawan`
--

CREATE TABLE IF NOT EXISTS `tb_kariawan` (
  `nik` varchar(20) NOT NULL,
  `nama_kariawan` varchar(50) NOT NULL,
  `periode` date NOT NULL,
  `tempat_lahir` varchar(50) NOT NULL,
  `tanggal_lahir` date NOT NULL,
  `jenis_kelamin` varchar(20) NOT NULL,
  `agama` varchar(25) NOT NULL,
  `status` varchar(50) NOT NULL,
  `alamat` text NOT NULL,
  `no_tlp` varchar(15) NOT NULL,
  `pendidikan` varchar(25) NOT NULL,
  `kode_divisi` varchar(10) NOT NULL
) ENGINE=InnoDB DEFAULT CHARSET=latin1;

--
-- Dumping data untuk tabel `tb_kariawan`
--

INSERT INTO `tb_kariawan` (`nik`, `nama_kariawan`, `periode`, `tempat_lahir`, `tanggal_lahir`, `jenis_kelamin`, `agama`, `status`, `alamat`, `no_tlp`, `pendidikan`, `kode_divisi`) VALUES
('12312', 'Inggrid Nyndy S K', '2020-12-30', 'Malang City', '2021-01-05', 'Perempuan', 'Islam', 'Mahasiswa', 'Malang', '0928121223', 'S1 Sisitem Informasi', 'D003'),
('14445', 'Fahmi Reza', '2021-01-01', 'Malang', '1998-02-10', 'Laki-Laki', 'Islam', 'Mahasiswa', 'Malang', '0928121223', 'S1 Sisitem Informasi', 'D002'),
('23213', 'Ahmad Septiawan', '2020-12-23', 'Sulawesi', '1996-11-29', 'Laki-Laki', 'Islam', 'Mahasiswa', 'Sulawesi', '0928121223', 'S1 Sisitem Informasi', 'D002'),
('33333', 'Yani Pelu', '2020-12-30', 'Malang City', '2020-12-31', 'Laki-Laki', 'Islam', 'Mahasiswa', 'Malang', '0928121223', 'S1 Sisitem Informasi', 'D003');

-- --------------------------------------------------------

--
-- Struktur dari tabel `tb_kriteria`
--

CREATE TABLE IF NOT EXISTS `tb_kriteria` (
  `kode_kriteria` varchar(20) NOT NULL,
  `nama_kriteria` varchar(200) NOT NULL,
  `jenis_faktor` varchar(20) NOT NULL,
  `nilai_target` int(5) NOT NULL,
  `nilai_persen` int(5) NOT NULL
) ENGINE=InnoDB DEFAULT CHARSET=latin1;

--
-- Dumping data untuk tabel `tb_kriteria`
--

INSERT INTO `tb_kriteria` (`kode_kriteria`, `nama_kriteria`, `jenis_faktor`, `nilai_target`, `nilai_persen`) VALUES
('K001', 'Bekerja dengan potensi terbaik', 'Core', 2, 5),
('K002', 'Indenpendent work', 'Core', 4, 7),
('K003', 'Skill teknis dan keahlian', 'Core', 4, 5),
('K004', 'Kreativitas', 'Secondary', 3, 6),
('K005', 'Produktivitas', 'Secondary', 3, 5),
('K006', 'Kehadiran', 'Core', 2, 5),
('K007', 'Kejujuran', 'Core', 4, 5),
('K008', 'Kualitas pekerjaan', 'Core', 3, 5),
('K009', 'Konsistensi pekerjaan', 'Secondary', 2, 5),
('K010', 'Integritas', 'Secondary', 3, 5),
('K011', 'Hubungan antr rekan', 'Core', 3, 5),
('K012', 'Hubungan dengan klien', 'Core', 3, 5),
('K013', 'Ketepatan waktu', 'Core', 1, 5),
('K014', 'Komunikasi', 'Secondary', 1, 5),
('K015', 'Dapat diandalkan', 'Secondary', 3, 5);

-- --------------------------------------------------------

--
-- Struktur dari tabel `tb_pengguna`
--

CREATE TABLE IF NOT EXISTS `tb_pengguna` (
`id_pengguna` int(11) NOT NULL,
  `nik` varchar(50) NOT NULL,
  `nama_pengguna` varchar(50) NOT NULL,
  `password` varchar(200) NOT NULL,
  `status_login` varchar(50) NOT NULL,
  `id_level` int(2) NOT NULL,
  `foto` varchar(250) NOT NULL
) ENGINE=InnoDB AUTO_INCREMENT=28 DEFAULT CHARSET=latin1;

--
-- Dumping data untuk tabel `tb_pengguna`
--

INSERT INTO `tb_pengguna` (`id_pengguna`, `nik`, `nama_pengguna`, `password`, `status_login`, `id_level`, `foto`) VALUES
(1, '122', 'Ade Saputra', '123456', '1', 1, '1nik.png'),
(2, '133', 'Reza Pahlawan', '123456', '1', 2, 'profil.png'),
(23, '23213', 'Ahmad Septiawan', '12345', '1', 3, 'profil.png'),
(24, '12312', 'Inggrid Nyndy S K', '12345', '1', 3, 'profil.png'),
(27, '33333', 'Yani Pelu', '123456', '1', 3, 'profil.png');

-- --------------------------------------------------------

--
-- Struktur dari tabel `tb_penilaian`
--

CREATE TABLE IF NOT EXISTS `tb_penilaian` (
`id_penilaian` int(11) NOT NULL,
  `nik` varchar(25) NOT NULL,
  `nik_tahun` varchar(50) NOT NULL,
  `kode_kriteria` varchar(20) NOT NULL,
  `jenis_faktor` varchar(20) NOT NULL,
  `tanggal` date NOT NULL,
  `tahun` year(4) NOT NULL,
  `nilai` int(10) NOT NULL,
  `nilai_gap` float NOT NULL,
  `nilai_bobot` float NOT NULL,
  `nilai_cf` float NOT NULL,
  `nilai_sf` float NOT NULL,
  `nilai_total` float NOT NULL,
  `nilai_ra` float NOT NULL
) ENGINE=InnoDB AUTO_INCREMENT=897 DEFAULT CHARSET=latin1;

--
-- Dumping data untuk tabel `tb_penilaian`
--

INSERT INTO `tb_penilaian` (`id_penilaian`, `nik`, `nik_tahun`, `kode_kriteria`, `jenis_faktor`, `tanggal`, `tahun`, `nilai`, `nilai_gap`, `nilai_bobot`, `nilai_cf`, `nilai_sf`, `nilai_total`, `nilai_ra`) VALUES
(762, '12312', '123122021-01-16', 'K001', 'Core', '2021-01-16', 2021, 2, 0, 5, 3.94, 4.25, 4.06, 30.78),
(763, '12312', '123122021-01-16', 'K002', 'Core', '2021-01-16', 2021, 2, -2, 3, 3.94, 4.25, 4.06, 30.78),
(764, '12312', '123122021-01-16', 'K003', 'Core', '2021-01-16', 2021, 2, -2, 3, 3.94, 4.25, 4.06, 30.78),
(765, '12312', '123122021-01-16', 'K004', 'Secondary', '2021-01-16', 2021, 2, -1, 4, 3.94, 4.25, 4.06, 30.78),
(766, '12312', '123122021-01-16', 'K005', 'Secondary', '2021-01-16', 2021, 2, -1, 4, 3.94, 4.25, 4.06, 30.78),
(767, '12312', '123122021-01-16', 'K006', 'Core', '2021-01-16', 2021, 2, 0, 5, 3.94, 4.25, 4.06, 30.78),
(768, '12312', '123122021-01-16', 'K007', 'Core', '2021-01-16', 2021, 2, -2, 3, 3.94, 4.25, 4.06, 30.78),
(769, '12312', '123122021-01-16', 'K008', 'Core', '2021-01-16', 2021, 2, -1, 4, 3.94, 4.25, 4.06, 30.78),
(770, '12312', '123122021-01-16', 'K009', 'Secondary', '2021-01-16', 2021, 2, 0, 5, 3.94, 4.25, 4.06, 30.78),
(771, '12312', '123122021-01-16', 'K010', 'Secondary', '2021-01-16', 2021, 2, -1, 4, 3.94, 4.25, 4.06, 30.78),
(772, '12312', '123122021-01-16', 'K011', 'Core', '2021-01-16', 2021, 2, -1, 4, 3.94, 4.25, 4.06, 30.78),
(773, '12312', '123122021-01-16', 'K012', 'Core', '2021-01-16', 2021, 2, -1, 4, 3.94, 4.25, 4.06, 30.78),
(774, '12312', '123122021-01-16', 'K013', 'Core', '2021-01-16', 2021, 2, 1, 4.5, 3.94, 4.25, 4.06, 30.78),
(775, '12312', '123122021-01-16', 'K014', 'Secondary', '2021-01-16', 2021, 2, 1, 4.5, 3.94, 4.25, 4.06, 30.78),
(776, '12312', '123122021-01-16', 'K015', 'Secondary', '2021-01-16', 2021, 2, -1, 4, 3.94, 4.25, 4.06, 30.78),
(777, '33333', '333332021-01-16', 'K001', 'Core', '2021-01-16', 2021, 2, 0, 5, 3.94, 4.25, 4.06, 30.78),
(778, '33333', '333332021-01-16', 'K002', 'Core', '2021-01-16', 2021, 2, -2, 3, 3.94, 4.25, 4.06, 30.78),
(779, '33333', '333332021-01-16', 'K003', 'Core', '2021-01-16', 2021, 2, -2, 3, 3.94, 4.25, 4.06, 30.78),
(780, '33333', '333332021-01-16', 'K004', 'Secondary', '2021-01-16', 2021, 2, -1, 4, 3.94, 4.25, 4.06, 30.78),
(781, '33333', '333332021-01-16', 'K005', 'Secondary', '2021-01-16', 2021, 2, -1, 4, 3.94, 4.25, 4.06, 30.78),
(782, '33333', '333332021-01-16', 'K006', 'Core', '2021-01-16', 2021, 2, 0, 5, 3.94, 4.25, 4.06, 30.78),
(783, '33333', '333332021-01-16', 'K007', 'Core', '2021-01-16', 2021, 2, -2, 3, 3.94, 4.25, 4.06, 30.78),
(784, '33333', '333332021-01-16', 'K008', 'Core', '2021-01-16', 2021, 2, -1, 4, 3.94, 4.25, 4.06, 30.78),
(785, '33333', '333332021-01-16', 'K009', 'Secondary', '2021-01-16', 2021, 2, 0, 5, 3.94, 4.25, 4.06, 30.78),
(786, '33333', '333332021-01-16', 'K010', 'Secondary', '2021-01-16', 2021, 2, -1, 4, 3.94, 4.25, 4.06, 30.78),
(787, '33333', '333332021-01-16', 'K011', 'Core', '2021-01-16', 2021, 2, -1, 4, 3.94, 4.25, 4.06, 30.78),
(788, '33333', '333332021-01-16', 'K012', 'Core', '2021-01-16', 2021, 2, -1, 4, 3.94, 4.25, 4.06, 30.78),
(789, '33333', '333332021-01-16', 'K013', 'Core', '2021-01-16', 2021, 2, 1, 4.5, 3.94, 4.25, 4.06, 30.78),
(790, '33333', '333332021-01-16', 'K014', 'Secondary', '2021-01-16', 2021, 2, 1, 4.5, 3.94, 4.25, 4.06, 30.78),
(791, '33333', '333332021-01-16', 'K015', 'Secondary', '2021-01-16', 2021, 2, -1, 4, 3.94, 4.25, 4.06, 30.78),
(807, '23213', '232132021-01-16', 'K001', 'Core', '2021-01-16', 2021, 1, -1, 4, 3.11, 3.5, 3.27, 15.78),
(808, '23213', '232132021-01-16', 'K002', 'Core', '2021-01-16', 2021, 1, -3, 2, 3.11, 3.5, 3.27, 15.78),
(809, '23213', '232132021-01-16', 'K003', 'Core', '2021-01-16', 2021, 1, -3, 2, 3.11, 3.5, 3.27, 15.78),
(810, '23213', '232132021-01-16', 'K004', 'Secondary', '2021-01-16', 2021, 1, -2, 3, 3.11, 3.5, 3.27, 15.78),
(811, '23213', '232132021-01-16', 'K005', 'Secondary', '2021-01-16', 2021, 1, -2, 3, 3.11, 3.5, 3.27, 15.78),
(812, '23213', '232132021-01-16', 'K006', 'Core', '2021-01-16', 2021, 1, -1, 4, 3.11, 3.5, 3.27, 15.78),
(813, '23213', '232132021-01-16', 'K007', 'Core', '2021-01-16', 2021, 1, -3, 2, 3.11, 3.5, 3.27, 15.78),
(814, '23213', '232132021-01-16', 'K008', 'Core', '2021-01-16', 2021, 1, -2, 3, 3.11, 3.5, 3.27, 15.78),
(815, '23213', '232132021-01-16', 'K009', 'Secondary', '2021-01-16', 2021, 1, -1, 4, 3.11, 3.5, 3.27, 15.78),
(816, '23213', '232132021-01-16', 'K010', 'Secondary', '2021-01-16', 2021, 1, -2, 3, 3.11, 3.5, 3.27, 15.78),
(817, '23213', '232132021-01-16', 'K011', 'Core', '2021-01-16', 2021, 1, -2, 3, 3.11, 3.5, 3.27, 15.78),
(818, '23213', '232132021-01-16', 'K012', 'Core', '2021-01-16', 2021, 1, -2, 3, 3.11, 3.5, 3.27, 15.78),
(819, '23213', '232132021-01-16', 'K013', 'Core', '2021-01-16', 2021, 1, 0, 5, 3.11, 3.5, 3.27, 15.78),
(820, '23213', '232132021-01-16', 'K014', 'Secondary', '2021-01-16', 2021, 1, 0, 5, 3.11, 3.5, 3.27, 15.78),
(821, '23213', '232132021-01-16', 'K015', 'Secondary', '2021-01-16', 2021, 1, -2, 3, 3.11, 3.5, 3.27, 15.78),
(822, '14445', '144452021-01-16', 'K001', 'Core', '2021-01-16', 2021, 1, -1, 4, 3.11, 3.5, 3.27, 15.78),
(823, '14445', '144452021-01-16', 'K002', 'Core', '2021-01-16', 2021, 1, -3, 2, 3.11, 3.5, 3.27, 15.78),
(824, '14445', '144452021-01-16', 'K003', 'Core', '2021-01-16', 2021, 1, -3, 2, 3.11, 3.5, 3.27, 15.78),
(825, '14445', '144452021-01-16', 'K004', 'Secondary', '2021-01-16', 2021, 1, -2, 3, 3.11, 3.5, 3.27, 15.78),
(826, '14445', '144452021-01-16', 'K005', 'Secondary', '2021-01-16', 2021, 1, -2, 3, 3.11, 3.5, 3.27, 15.78),
(827, '14445', '144452021-01-16', 'K006', 'Core', '2021-01-16', 2021, 1, -1, 4, 3.11, 3.5, 3.27, 15.78),
(828, '14445', '144452021-01-16', 'K007', 'Core', '2021-01-16', 2021, 1, -3, 2, 3.11, 3.5, 3.27, 15.78),
(829, '14445', '144452021-01-16', 'K008', 'Core', '2021-01-16', 2021, 1, -2, 3, 3.11, 3.5, 3.27, 15.78),
(830, '14445', '144452021-01-16', 'K009', 'Secondary', '2021-01-16', 2021, 1, -1, 4, 3.11, 3.5, 3.27, 15.78),
(831, '14445', '144452021-01-16', 'K010', 'Secondary', '2021-01-16', 2021, 1, -2, 3, 3.11, 3.5, 3.27, 15.78),
(832, '14445', '144452021-01-16', 'K011', 'Core', '2021-01-16', 2021, 1, -2, 3, 3.11, 3.5, 3.27, 15.78),
(833, '14445', '144452021-01-16', 'K012', 'Core', '2021-01-16', 2021, 1, -2, 3, 3.11, 3.5, 3.27, 15.78),
(834, '14445', '144452021-01-16', 'K013', 'Core', '2021-01-16', 2021, 1, 0, 5, 3.11, 3.5, 3.27, 15.78),
(835, '14445', '144452021-01-16', 'K014', 'Secondary', '2021-01-16', 2021, 1, 0, 5, 3.11, 3.5, 3.27, 15.78),
(836, '14445', '144452021-01-16', 'K015', 'Secondary', '2021-01-16', 2021, 1, -2, 3, 3.11, 3.5, 3.27, 15.78),
(837, '12312', '123122020-06-16', 'K001', 'Core', '2020-06-16', 2020, 2, 0, 5, 3.94, 4.25, 4.06, 30.78),
(838, '12312', '123122020-06-16', 'K002', 'Core', '2020-06-16', 2020, 2, -2, 3, 3.94, 4.25, 4.06, 30.78),
(839, '12312', '123122020-06-16', 'K003', 'Core', '2020-06-16', 2020, 2, -2, 3, 3.94, 4.25, 4.06, 30.78),
(840, '12312', '123122020-06-16', 'K004', 'Secondary', '2020-06-16', 2020, 2, -1, 4, 3.94, 4.25, 4.06, 30.78),
(841, '12312', '123122020-06-16', 'K005', 'Secondary', '2020-06-16', 2020, 2, -1, 4, 3.94, 4.25, 4.06, 30.78),
(842, '12312', '123122020-06-16', 'K006', 'Core', '2020-06-16', 2020, 2, 0, 5, 3.94, 4.25, 4.06, 30.78),
(843, '12312', '123122020-06-16', 'K007', 'Core', '2020-06-16', 2020, 2, -2, 3, 3.94, 4.25, 4.06, 30.78),
(844, '12312', '123122020-06-16', 'K008', 'Core', '2020-06-16', 2020, 2, -1, 4, 3.94, 4.25, 4.06, 30.78),
(845, '12312', '123122020-06-16', 'K009', 'Secondary', '2020-06-16', 2020, 2, 0, 5, 3.94, 4.25, 4.06, 30.78),
(846, '12312', '123122020-06-16', 'K010', 'Secondary', '2020-06-16', 2020, 2, -1, 4, 3.94, 4.25, 4.06, 30.78),
(847, '12312', '123122020-06-16', 'K011', 'Core', '2020-06-16', 2020, 2, -1, 4, 3.94, 4.25, 4.06, 30.78),
(848, '12312', '123122020-06-16', 'K012', 'Core', '2020-06-16', 2020, 2, -1, 4, 3.94, 4.25, 4.06, 30.78),
(849, '12312', '123122020-06-16', 'K013', 'Core', '2020-06-16', 2020, 2, 1, 4.5, 3.94, 4.25, 4.06, 30.78),
(850, '12312', '123122020-06-16', 'K014', 'Secondary', '2020-06-16', 2020, 2, 1, 4.5, 3.94, 4.25, 4.06, 30.78),
(851, '12312', '123122020-06-16', 'K015', 'Secondary', '2020-06-16', 2020, 2, -1, 4, 3.94, 4.25, 4.06, 30.78),
(852, '23213', '232132020-06-16', 'K001', 'Core', '2020-06-16', 2020, 1, -1, 4, 3.39, 3.5, 3.43, 19.78),
(853, '23213', '232132020-06-16', 'K002', 'Core', '2020-06-16', 2020, 1, -3, 2, 3.39, 3.5, 3.43, 19.78),
(854, '23213', '232132020-06-16', 'K003', 'Core', '2020-06-16', 2020, 2, -2, 3, 3.39, 3.5, 3.43, 19.78),
(855, '23213', '232132020-06-16', 'K004', 'Secondary', '2020-06-16', 2020, 1, -2, 3, 3.39, 3.5, 3.43, 19.78),
(856, '23213', '232132020-06-16', 'K005', 'Secondary', '2020-06-16', 2020, 1, -2, 3, 3.39, 3.5, 3.43, 19.78),
(857, '23213', '232132020-06-16', 'K006', 'Core', '2020-06-16', 2020, 1, -1, 4, 3.39, 3.5, 3.43, 19.78),
(858, '23213', '232132020-06-16', 'K007', 'Core', '2020-06-16', 2020, 2, -2, 3, 3.39, 3.5, 3.43, 19.78),
(859, '23213', '232132020-06-16', 'K008', 'Core', '2020-06-16', 2020, 1, -2, 3, 3.39, 3.5, 3.43, 19.78),
(860, '23213', '232132020-06-16', 'K009', 'Secondary', '2020-06-16', 2020, 1, -1, 4, 3.39, 3.5, 3.43, 19.78),
(861, '23213', '232132020-06-16', 'K010', 'Secondary', '2020-06-16', 2020, 1, -2, 3, 3.39, 3.5, 3.43, 19.78),
(862, '23213', '232132020-06-16', 'K011', 'Core', '2020-06-16', 2020, 2, -1, 4, 3.39, 3.5, 3.43, 19.78),
(863, '23213', '232132020-06-16', 'K012', 'Core', '2020-06-16', 2020, 1, -2, 3, 3.39, 3.5, 3.43, 19.78),
(864, '23213', '232132020-06-16', 'K013', 'Core', '2020-06-16', 2020, 2, 1, 4.5, 3.39, 3.5, 3.43, 19.78),
(865, '23213', '232132020-06-16', 'K014', 'Secondary', '2020-06-16', 2020, 1, 0, 5, 3.39, 3.5, 3.43, 19.78),
(866, '23213', '232132020-06-16', 'K015', 'Secondary', '2020-06-16', 2020, 1, -2, 3, 3.39, 3.5, 3.43, 19.78),
(867, '33333', '333332020-06-16', 'K001', 'Core', '2020-06-16', 2020, 1, -1, 4, 3.33, 3.58, 3.43, 19.78),
(868, '33333', '333332020-06-16', 'K002', 'Core', '2020-06-16', 2020, 2, -2, 3, 3.33, 3.58, 3.43, 19.78),
(869, '33333', '333332020-06-16', 'K003', 'Core', '2020-06-16', 2020, 1, -3, 2, 3.33, 3.58, 3.43, 19.78),
(870, '33333', '333332020-06-16', 'K004', 'Secondary', '2020-06-16', 2020, 1, -2, 3, 3.33, 3.58, 3.43, 19.78),
(871, '33333', '333332020-06-16', 'K005', 'Secondary', '2020-06-16', 2020, 1, -2, 3, 3.33, 3.58, 3.43, 19.78),
(872, '33333', '333332020-06-16', 'K006', 'Core', '2020-06-16', 2020, 1, -1, 4, 3.33, 3.58, 3.43, 19.78),
(873, '33333', '333332020-06-16', 'K007', 'Core', '2020-06-16', 2020, 1, -3, 2, 3.33, 3.58, 3.43, 19.78),
(874, '33333', '333332020-06-16', 'K008', 'Core', '2020-06-16', 2020, 2, -1, 4, 3.33, 3.58, 3.43, 19.78),
(875, '33333', '333332020-06-16', 'K009', 'Secondary', '2020-06-16', 2020, 1, -1, 4, 3.33, 3.58, 3.43, 19.78),
(876, '33333', '333332020-06-16', 'K010', 'Secondary', '2020-06-16', 2020, 2, -1, 4, 3.33, 3.58, 3.43, 19.78),
(877, '33333', '333332020-06-16', 'K011', 'Core', '2020-06-16', 2020, 1, -2, 3, 3.33, 3.58, 3.43, 19.78),
(878, '33333', '333332020-06-16', 'K012', 'Core', '2020-06-16', 2020, 1, -2, 3, 3.33, 3.58, 3.43, 19.78),
(879, '33333', '333332020-06-16', 'K013', 'Core', '2020-06-16', 2020, 1, 0, 5, 3.33, 3.58, 3.43, 19.78),
(880, '33333', '333332020-06-16', 'K014', 'Secondary', '2020-06-16', 2020, 2, 1, 4.5, 3.33, 3.58, 3.43, 19.78),
(881, '33333', '333332020-06-16', 'K015', 'Secondary', '2020-06-16', 2020, 1, -2, 3, 3.33, 3.58, 3.43, 19.78),
(882, '14445', '144452020-12-16', 'K001', 'Core', '2020-12-16', 2020, 1, -1, 4, 3.11, 3.5, 3.27, 15.78),
(883, '14445', '144452020-12-16', 'K002', 'Core', '2020-12-16', 2020, 1, -3, 2, 3.11, 3.5, 3.27, 15.78),
(884, '14445', '144452020-12-16', 'K003', 'Core', '2020-12-16', 2020, 1, -3, 2, 3.11, 3.5, 3.27, 15.78),
(885, '14445', '144452020-12-16', 'K004', 'Secondary', '2020-12-16', 2020, 1, -2, 3, 3.11, 3.5, 3.27, 15.78),
(886, '14445', '144452020-12-16', 'K005', 'Secondary', '2020-12-16', 2020, 1, -2, 3, 3.11, 3.5, 3.27, 15.78),
(887, '14445', '144452020-12-16', 'K006', 'Core', '2020-12-16', 2020, 1, -1, 4, 3.11, 3.5, 3.27, 15.78),
(888, '14445', '144452020-12-16', 'K007', 'Core', '2020-12-16', 2020, 1, -3, 2, 3.11, 3.5, 3.27, 15.78),
(889, '14445', '144452020-12-16', 'K008', 'Core', '2020-12-16', 2020, 1, -2, 3, 3.11, 3.5, 3.27, 15.78),
(890, '14445', '144452020-12-16', 'K009', 'Secondary', '2020-12-16', 2020, 1, -1, 4, 3.11, 3.5, 3.27, 15.78),
(891, '14445', '144452020-12-16', 'K010', 'Secondary', '2020-12-16', 2020, 1, -2, 3, 3.11, 3.5, 3.27, 15.78),
(892, '14445', '144452020-12-16', 'K011', 'Core', '2020-12-16', 2020, 1, -2, 3, 3.11, 3.5, 3.27, 15.78),
(893, '14445', '144452020-12-16', 'K012', 'Core', '2020-12-16', 2020, 1, -2, 3, 3.11, 3.5, 3.27, 15.78),
(894, '14445', '144452020-12-16', 'K013', 'Core', '2020-12-16', 2020, 1, 0, 5, 3.11, 3.5, 3.27, 15.78),
(895, '14445', '144452020-12-16', 'K014', 'Secondary', '2020-12-16', 2020, 1, 0, 5, 3.11, 3.5, 3.27, 15.78),
(896, '14445', '144452020-12-16', 'K015', 'Secondary', '2020-12-16', 2020, 1, -2, 3, 3.11, 3.5, 3.27, 15.78);

--
-- Indexes for dumped tables
--

--
-- Indexes for table `tabel_level`
--
ALTER TABLE `tabel_level`
 ADD PRIMARY KEY (`id_level`);

--
-- Indexes for table `tb_divisi`
--
ALTER TABLE `tb_divisi`
 ADD PRIMARY KEY (`kode_divisi`);

--
-- Indexes for table `tb_kariawan`
--
ALTER TABLE `tb_kariawan`
 ADD PRIMARY KEY (`nik`);

--
-- Indexes for table `tb_kriteria`
--
ALTER TABLE `tb_kriteria`
 ADD PRIMARY KEY (`kode_kriteria`);

--
-- Indexes for table `tb_pengguna`
--
ALTER TABLE `tb_pengguna`
 ADD PRIMARY KEY (`id_pengguna`);

--
-- Indexes for table `tb_penilaian`
--
ALTER TABLE `tb_penilaian`
 ADD PRIMARY KEY (`id_penilaian`);

--
-- AUTO_INCREMENT for dumped tables
--

--
-- AUTO_INCREMENT for table `tabel_level`
--
ALTER TABLE `tabel_level`
MODIFY `id_level` int(11) NOT NULL AUTO_INCREMENT,AUTO_INCREMENT=4;
--
-- AUTO_INCREMENT for table `tb_pengguna`
--
ALTER TABLE `tb_pengguna`
MODIFY `id_pengguna` int(11) NOT NULL AUTO_INCREMENT,AUTO_INCREMENT=28;
--
-- AUTO_INCREMENT for table `tb_penilaian`
--
ALTER TABLE `tb_penilaian`
MODIFY `id_penilaian` int(11) NOT NULL AUTO_INCREMENT,AUTO_INCREMENT=897;
/*!40101 SET CHARACTER_SET_CLIENT=@OLD_CHARACTER_SET_CLIENT */;
/*!40101 SET CHARACTER_SET_RESULTS=@OLD_CHARACTER_SET_RESULTS */;
/*!40101 SET COLLATION_CONNECTION=@OLD_COLLATION_CONNECTION */;
